<?xml version="1.0" encoding="utf-8"?>
<extension type="module" version="3.1" client="site" method="upgrade">
	<name>mod_articles_news</name>
	<author>Joomla! Project</author>
	<creationDate>July 2006</creationDate>
	<copyright>Copyright (C) 2005 - 2015 Open Source Matters. All rights reserved.</copyright>
	<license>GNU General Public License version 2 or later; see LICENSE.txt</license>
	<authorEmail>admin@joomla.org</authorEmail>
	<authorUrl>www.joomla.org</authorUrl>
	<version>3.0.0</version>
	<description>MOD_ARTICLES_NEWS_XML_DESCRIPTION</description>
	<files>
		<filename module="mod_articles_news">mod_articles_news.php</filename>
		<folder>tmpl</folder>
		<filename>helper.php</filename>
		<filename>mod_articles_news.xml</filename>
	</files>
	<languages>
		<language tag="en-GB">en-GB.mod_articles_news.ini</language>
		<language tag="en-GB">en-GB.mod_articles_news.sys.ini</language>
	</languages>
	<help key="JHELP_EXTENSIONS_MODULE_MANAGER_ARTICLES_NEWSFLASH" />
	<config>
		<fields name="params">
			<fieldset name="basic">
				<field
					name="catid"
					type="category"
					extension="com_content"
					multiple="true"
					default=""
					size="10"
					label="JCATEGORY"
					description="MOD_ARTICLES_NEWS_FIELD_CATEGORY_DESC"
				>
					<option value="">JOPTION_ALL_CATEGORIES</option>
				</field>

				<field
					name="image"
					type="radio"
					class="btn-group btn-group-yesno"
					default="0"
					label="MOD_ARTICLES_NEWS_FIELD_IMAGES_LABEL"
					description="MOD_ARTICLES_NEWS_FIELD_IMAGES_DESC"
				>
					<option value="1">JYES</option>
					<option value="0">JNO</option>
				</field>

				<field
					name="item_title"
					class="btn-group btn-group-yesno"
					type="radio"
					default="0"
					label="MOD_ARTICLES_NEWS_FIELD_TITLE_LABEL"
					description="MOD_ARTICLES_NEWS_FIELD_TITLE_DESC"
				>
					<option value="1">JYES</option>
					<option value="0">JNO</option>
				</field>

				<field
					name="link_titles"
					type="list"
					class="chzn-color"
					label="MOD_ARTICLES_NEWS_FIELD_LINKTITLE_LABEL"
					description="MOD_ARTICLES_NEWS_FIELD_LINKTITLE_DESC"
				>
					<option value="">JGLOBAL_USE_GLOBAL</option>
					<option value="0">JNO</option>
					<option value="1">JYES</option>
				</field>

				<field
					name="item_heading"
					type="list"
					default="h4"
					label="MOD_ARTICLES_NEWS_TITLE_HEADING"
					description="MOD_ARTICLES_NEWS_TITLE_HEADING_DESCRIPTION"
				>
					<option value="h1">JH1</option>
					<option value="h2">JH2</option>
					<option value="h3">JH3</option>
					<option value="h4">JH4</option>
					<option value="h5">JH5</option>
				</field>

				<field
					name="showLastSeparator"
					type="radio"
					class="btn-group btn-group-yesno"
					default="1"
					label="MOD_ARTICLES_NEWS_FIELD_SEPARATOR_LABEL"
					description="MOD_ARTICLES_NEWS_FIELD_SEPARATOR_DESC"
				>
					<option value="1">JYES</option>
					<option value="0">JNO</option>
				</field>

				<field
					name="readmore"
					type="radio"
					class="btn-group btn-group-yesno"
					default="0"
					label="MOD_ARTICLES_NEWS_FIELD_READMORE_LABEL"
					description="MOD_ARTICLES_NEWS_FIELD_READMORE_DESC"
				>
					<option value="1">JSHOW</option>
					<option value="0">JHIDE</option>
				</field>

				<field
					name="count"
					type="text"
					default="5"
					label="MOD_ARTICLES_NEWS_FIELD_ITEMS_LABEL"
					description="MOD_ARTICLES_NEWS_FIELD_ITEMS_DESC" />

				<field
					name="ordering"
					type="list"
					default="a.publish_up"
					label="MOD_ARTICLES_NEWS_FIELD_ORDERING_LABEL"
					description="MOD_ARTICLES_NEWS_FIELD_ORDERING_DESC"
				>
					<option value="a.publish_up">MOD_ARTICLES_NEWS_FIELD_ORDERING_PUBLISHED_DATE</option>
					<option value="a.created">MOD_ARTICLES_NEWS_FIELD_ORDERING_CREATED_DATE</option>
					<option value="a.ordering">MOD_ARTICLES_NEWS_FIELD_ORDERING_ORDERING</option>
					<option value="a.hits">JGLOBAL_HITS</option>
					<option value="rand()">MOD_ARTICLES_NEWS_FIELD_ORDERING_RANDOM</option>
				</field>

				<field
					name="direction"
					type="list"
					default="1"
					label="JGLOBAL_ORDER_DIRECTION_LABEL"
					description="JGLOBAL_ORDER_DIRECTION_DESC"
				>
					<option value="0">JGLOBAL_ORDER_ASCENDING</option>
					<option value="1">JGLOBAL_ORDER_DESCENDING</option>
				</field>
			</fieldset>

			<fieldset name="advanced">
				<field
					name="layout"
					type="modulelayout"
					label="JFIELD_ALT_LAYOUT_LABEL"
					description="JFIELD_ALT_MODULE_LAYOUT_DESC" />

				<field
					name="moduleclass_sfx"
					type="textarea" rows="3"
					label="COM_MODULES_FIELD_MODULECLASS_SFX_LABEL"
					description="COM_MODULES_FIELD_MODULECLASS_SFX_DESC" />

				<field
					name="cache"
					type="list"
					default="1"
					label="COM_MODULES_FIELD_CACHING_LABEL"
					description="COM_MODULES_FIELD_CACHING_DESC"
				>
					<option value="1">JGLOBAL_USE_GLOBAL</option>
					<option value="0">COM_MODULES_FIELD_VALUE_NOCACHING</option>
				</field>

				<field
					name="cache_time"
					type="text"
					default="900"
					label="COM_MODULES_FIELD_CACHE_TIME_LABEL"
					description="COM_MODULES_FIELD_CACHE_TIME_DESC" />

				<field
					name="cachemode"
					type="hidden"
					default="itemid"
				>
					<option value="itemid"></option>
				</field>
			</fieldset>
		</fields>
	</config>
</extension>
